Workbook

Sheet FCST
C5: GARA | E5: ACTUAL | I5: =UPPER(TEXT(TODAY(),"mmmm"))& CHAR(10) & "(NON ATTIVO)" -> MAGGIO (NON ATTIVO) | L5: OPPORTUNITÀ APERTE | M5: APPUNTAMENTI A SISTEMA
C7: =UPPER(TEXT(TODAY(),"mmmm")) -> MAGGIO | E7: APR Attivo | F7: MAG Attivo | G7: GIU Attivo | H7: TRIM ATTIVO | I7: o/w da inserire | J7: o/w in attivazione | K7: TOT | L7: TOT OPPS CRM | M7: APR | N7: MAG | O7: GIU | P7: TRIMESTRE
C9: TOTALE | E9: =SUM(E10:E24) -> 0 | F9: =SUM(F10:F24) -> 0 | G9: =SUM(G10:G24) -> 0 | H9: =SUM(H10:H24) -> 0 | I9: =SUM(I10:I24) -> 0 | J9: =SUM(J10:J24) -> 0 | K9: =SUM(K10:K24) -> 0 | L9: =SUM(L10:L24) -> 0 | ... P9: =SUM(P10:P24) -> 0
E10: =SUMIFS(ATTIVE!I:I, ATTIVE!A:A, 4, ATTIVE!N:N, FCST!A10) -> 0 | F10: =SUMIFS(ATTIVE!$I:$I, ATTIVE!$A:$A, 5, ATTIVE!$N:$N, FCST!$A10) -> 0 | G10: =SUMIFS(ATTIVE!$I:$I, ATTIVE!$A:$A, 6, ATTIVE!$N:$N, FCST!$A10) -> 0 | H10: =SUM(E10:G10) -> 0 | I10: =SUMIF('DA INSERIRE'!N:N,A10,'DA INSERIRE'!I:I) -> 0 | J10: =SUMIF('IN ATTIVAZIONE'!N:N,A10,'IN ATTIVAZIONE'!I:I) -> 0 | K10: =SUM(I10:J10) -> 0 | L10: =SUMIF(OPPORTUNITA!D:D,A10,OPPORTUNITA!L:L) -> 0 | M10: =COUNTIFS(APPUNTAMENTI!A:A, 4, APPUNTAMENTI!E:E, FCST!A10) -> 0 | N10: =COUNTIFS(APPUNTAMENTI!$A:$A, 5, APPUNTAMENTI!$E:$E, FCST!$A10) -> 0 | O10: =COUNTIFS(APPUNTAMENTI!$A:$A, 6, APPUNTAMENTI!$E:$E, FCST!$A10) -> 0 | P10: =SUM(M10:O10) -> 0
E11: =SUMIFS(ATTIVE!I:I, ATTIVE!A:A, 4, ATTIVE!N:N, FCST!A11) -> 0 | F11: =SUMIFS(ATTIVE!$I:$I, ATTIVE!$A:$A, 5, ATTIVE!$N:$N, FCST!$A11) -> 0 | G11: =SUMIFS(ATTIVE!$I:$I, ATTIVE!$A:$A, 6, ATTIVE!$N:$N, FCST!$A11) -> 0 | H11: =SUM(E11:G11) -> 0 | I11: =SUMIF('DA INSERIRE'!N:N,A11,'DA INSERIRE'!I:I) -> 0 | J11: =SUMIF('IN ATTIVAZIONE'!N:N,A11,'IN ATTIVAZIONE'!I:I) -> 0 | K11: =SUM(I11:J11) -> 0 | L11: =SUMIF(OPPORTUNITA!D:D,A11,OPPORTUNITA!L:L) -> 0 | M11: =COUNTIFS(APPUNTAMENTI!A:A, 4, APPUNTAMENTI!E:E, FCST!A11) -> 0 | N11: =COUNTIFS(APPUNTAMENTI!$A:$A, 5, APPUNTAMENTI!$E:$E, FCST!$A11) -> 0 | O11: =COUNTIFS(APPUNTAMENTI!$A:$A, 6, APPUNTAMENTI!$E:$E, FCST!$A11) -> 0 | P11: =SUM(M11:O11) -> 0
E12: =SUMIFS(ATTIVE!I:I, ATTIVE!A:A, 4, ATTIVE!N:N, FCST!A12) -> 0 | F12: =SUMIFS(ATTIVE!$I:$I, ATTIVE!$A:$A, 5, ATTIVE!$N:$N, FCST!$A12) -> 0 | G12: =SUMIFS(ATTIVE!$I:$I, ATTIVE!$A:$A, 6, ATTIVE!$N:$N, FCST!$A12) -> 0 | H12: =SUM(E12:G12) -> 0 | I12: =SUMIF('DA INSERIRE'!N:N,A12,'DA INSERIRE'!I:I) -> 0 | J12: =SUMIF('IN ATTIVAZIONE'!N:N,A12,'IN ATTIVAZIONE'!I:I) -> 0 | K12: =SUM(I12:J12) -> 0 | L12: =SUMIF(OPPORTUNITA!D:D,A12,OPPORTUNITA!L:L) -> 0 | M12: =COUNTIFS(APPUNTAMENTI!A:A, 4, APPUNTAMENTI!E:E, FCST!A12) -> 0 | N12: =COUNTIFS(APPUNTAMENTI!$A:$A, 5, APPUNTAMENTI!$E:$E, FCST!$A12) -> 0 | O12: =COUNTIFS(APPUNTAMENTI!$A:$A, 6, APPUNTAMENTI!$E:$E, FCST!$A12) -> 0 | P12: =SUM(M12:O12) -> 0
E13: =SUMIFS(ATTIVE!I:I, ATTIVE!A:A, 4, ATTIVE!N:N, FCST!A13) -> 0 | F13: =SUMIFS(ATTIVE!$I:$I, ATTIVE!$A:$A, 5, ATTIVE!$N:$N, FCST!$A13) -> 0 | G13: =SUMIFS(ATTIVE!$I:$I, ATTIVE!$A:$A, 6, ATTIVE!$N:$N, FCST!$A13) -> 0 | H13: =SUM(E13:G13) -> 0 | I13: =SUMIF('DA INSERIRE'!N:N,A13,'DA INSERIRE'!I:I) -> 0 | J13: =SUMIF('IN ATTIVAZIONE'!N:N,A13,'IN ATTIVAZIONE'!I:I) -> 0 | K13: =SUM(I13:J13) -> 0 | L13: =SUMIF(OPPORTUNITA!D:D,A13,OPPORTUNITA!L:L) -> 0 | M13: =COUNTIFS(APPUNTAMENTI!A:A, 4, APPUNTAMENTI!E:E, FCST!A13) -> 0 | N13: =COUNTIFS(APPUNTAMENTI!$A:$A, 5, APPUNTAMENTI!$E:$E, FCST!$A13) -> 0 | O13: =COUNTIFS(APPUNTAMENTI!$A:$A, 6, APPUNTAMENTI!$E:$E, FCST!$A13) -> 0 | P13: =SUM(M13:O13) -> 0
E14: =SUMIFS(ATTIVE!I:I, ATTIVE!A:A, 4, ATTIVE!N:N, FCST!A14) -> 0 | F14: =SUMIFS(ATTIVE!$I:$I, ATTIVE!$A:$A, 5, ATTIVE!$N:$N, FCST!$A14) -> 0 | G14: =SUMIFS(ATTIVE!$I:$I, ATTIVE!$A:$A, 6, ATTIVE!$N:$N, FCST!$A14) -> 0 | H14: =SUM(E14:G14) -> 0 | I14: =SUMIF('DA INSERIRE'!N:N,A14,'DA INSERIRE'!I:I) -> 0 | J14: =SUMIF('IN ATTIVAZIONE'!N:N,A14,'IN ATTIVAZIONE'!I:I) -> 0 | K14: =SUM(I14:J14) -> 0 | L14: =SUMIF(OPPORTUNITA!D:D,A14,OPPORTUNITA!L:L) -> 0 | M14: =COUNTIFS(APPUNTAMENTI!A:A, 4, APPUNTAMENTI!E:E, FCST!A14) -> 0 | N14: =COUNTIFS(APPUNTAMENTI!$A:$A, 5, APPUNTAMENTI!$E:$E, FCST!$A14) -> 0 | O14: =COUNTIFS(APPUNTAMENTI!$A:$A, 6, APPUNTAMENTI!$E:$E, FCST!$A14) -> 0 | P14: =SUM(M14:O14) -> 0
E15: =SUMIFS(ATTIVE!I:I, ATTIVE!A:A, 4, ATTIVE!N:N, FCST!A15) -> 0 | F15: =SUMIFS(ATTIVE!$I:$I, ATTIVE!$A:$A, 5, ATTIVE!$N:$N, FCST!$A15) -> 0 | G15: =SUMIFS(ATTIVE!$I:$I, ATTIVE!$A:$A, 6, ATTIVE!$N:$N, FCST!$A15) -> 0 | H15: =SUM(E15:G15) -> 0 | I15: =SUMIF('DA INSERIRE'!N:N,A15,'DA INSERIRE'!I:I) -> 0 | J15: =SUMIF('IN ATTIVAZIONE'!N:N,A15,'IN ATTIVAZIONE'!I:I) -> 0 | K15: =SUM(I15:J15) -> 0 | L15: =SUMIF(OPPORTUNITA!D:D,A15,OPPORTUNITA!L:L) -> 0 | M15: =COUNTIFS(APPUNTAMENTI!A:A, 4, APPUNTAMENTI!E:E, FCST!A15) -> 0 | N15: =COUNTIFS(APPUNTAMENTI!$A:$A, 5, APPUNTAMENTI!$E:$E, FCST!$A15) -> 0 | O15: =COUNTIFS(APPUNTAMENTI!$A:$A, 6, APPUNTAMENTI!$E:$E, FCST!$A15) -> 0 | P15: =SUM(M15:O15) -> 0
E16: =SUMIFS(ATTIVE!I:I, ATTIVE!A:A, 4, ATTIVE!N:N, FCST!A16) -> 0 | F16: =SUMIFS(ATTIVE!$I:$I, ATTIVE!$A:$A, 5, ATTIVE!$N:$N, FCST!$A16) -> 0 | G16: =SUMIFS(ATTIVE!$I:$I, ATTIVE!$A:$A, 6, ATTIVE!$N:$N, FCST!$A16) -> 0 | H16: =SUM(E16:G16) -> 0 | I16: =SUMIF('DA INSERIRE'!N:N,A16,'DA INSERIRE'!I:I) -> 0 | J16: =SUMIF('IN ATTIVAZIONE'!N:N,A16,'IN ATTIVAZIONE'!I:I) -> 0 | K16: =SUM(I16:J16) -> 0 | L16: =SUMIF(OPPORTUNITA!D:D,A16,OPPORTUNITA!L:L) -> 0 | M16: =COUNTIFS(APPUNTAMENTI!A:A, 4, APPUNTAMENTI!E:E, FCST!A16) -> 0 | N16: =COUNTIFS(APPUNTAMENTI!$A:$A, 5, APPUNTAMENTI!$E:$E, FCST!$A16) -> 0 | O16: =COUNTIFS(APPUNTAMENTI!$A:$A, 6, APPUNTAMENTI!$E:$E, FCST!$A16) -> 0 | P16: =SUM(M16:O16) -> 0
E17: =SUMIFS(ATTIVE!I:I, ATTIVE!A:A, 4, ATTIVE!N:N, FCST!A17) -> 0 | F17: =SUMIFS(ATTIVE!$I:$I, ATTIVE!$A:$A, 5, ATTIVE!$N:$N, FCST!$A17) -> 0 | G17: =SUMIFS(ATTIVE!$I:$I, ATTIVE!$A:$A, 6, ATTIVE!$N:$N, FCST!$A17) -> 0 | H17: =SUM(E17:G17) -> 0 | I17: =SUMIF('DA INSERIRE'!N:N,A17,'DA INSERIRE'!I:I) -> 0 | J17: =SUMIF('IN ATTIVAZIONE'!N:N,A17,'IN ATTIVAZIONE'!I:I) -> 0 | K17: =SUM(I17:J17) -> 0 | L17: =SUMIF(OPPORTUNITA!D:D,A17,OPPORTUNITA!L:L) -> 0 | M17: =COUNTIFS(APPUNTAMENTI!A:A, 4, APPUNTAMENTI!E:E, FCST!A17) -> 0 | N17: =COUNTIFS(APPUNTAMENTI!$A:$A, 5, APPUNTAMENTI!$E:$E, FCST!$A17) -> 0 | O17: =COUNTIFS(APPUNTAMENTI!$A:$A, 6, APPUNTAMENTI!$E:$E, FCST!$A17) -> 0 | P17: =SUM(M17:O17) -> 0
E18: =SUMIFS(ATTIVE!I:I, ATTIVE!A:A, 4, ATTIVE!N:N, FCST!A18) -> 0 | F18: =SUMIFS(ATTIVE!$I:$I, ATTIVE!$A:$A, 5, ATTIVE!$N:$N, FCST!$A18) -> 0 | G18: =SUMIFS(ATTIVE!$I:$I, ATTIVE!$A:$A, 6, ATTIVE!$N:$N, FCST!$A18) -> 0 | H18: =SUM(E18:G18) -> 0 | I18: =SUMIF('DA INSERIRE'!N:N,A18,'DA INSERIRE'!I:I) -> 0 | J18: =SUMIF('IN ATTIVAZIONE'!N:N,A18,'IN ATTIVAZIONE'!I:I) -> 0 | K18: =SUM(I18:J18) -> 0 | L18: =SUMIF(OPPORTUNITA!D:D,A18,OPPORTUNITA!L:L) -> 0 | M18: =COUNTIFS(APPUNTAMENTI!A:A, 4, APPUNTAMENTI!E:E, FCST!A18) -> 0 | N18: =COUNTIFS(APPUNTAMENTI!$A:$A, 5, APPUNTAMENTI!$E:$E, FCST!$A18) -> 0 | O18: =COUNTIFS(APPUNTAMENTI!$A:$A, 6, APPUNTAMENTI!$E:$E, FCST!$A18) -> 0 | P18: =SUM(M18:O18) -> 0
E19: =SUMIFS(ATTIVE!I:I, ATTIVE!A:A, 4, ATTIVE!N:N, FCST!A19) -> 0 | F19: =SUMIFS(ATTIVE!$I:$I, ATTIVE!$A:$A, 5, ATTIVE!$N:$N, FCST!$A19) -> 0 | G19: =SUMIFS(ATTIVE!$I:$I, ATTIVE!$A:$A, 6, ATTIVE!$N:$N, FCST!$A19) -> 0 | H19: =SUM(E19:G19) -> 0 | I19: =SUMIF('DA INSERIRE'!N:N,A19,'DA INSERIRE'!I:I) -> 0 | J19: =SUMIF('IN ATTIVAZIONE'!N:N,A19,'IN ATTIVAZIONE'!I:I) -> 0 | K19: =SUM(I19:J19) -> 0 | L19: =SUMIF(OPPORTUNITA!D:D,A19,OPPORTUNITA!L:L) -> 0 | M19: =COUNTIFS(APPUNTAMENTI!A:A, 4, APPUNTAMENTI!E:E, FCST!A19) -> 0 | N19: =COUNTIFS(APPUNTAMENTI!$A:$A, 5, APPUNTAMENTI!$E:$E, FCST!$A19) -> 0 | O19: =COUNTIFS(APPUNTAMENTI!$A:$A, 6, APPUNTAMENTI!$E:$E, FCST!$A19) -> 0 | P19: =SUM(M19:O19) -> 0
E20: =SUMIFS(ATTIVE!I:I, ATTIVE!A:A, 4, ATTIVE!N:N, FCST!A20) -> 0 | F20: =SUMIFS(ATTIVE!$I:$I, ATTIVE!$A:$A, 5, ATTIVE!$N:$N, FCST!$A20) -> 0 | G20: =SUMIFS(ATTIVE!$I:$I, ATTIVE!$A:$A, 6, ATTIVE!$N:$N, FCST!$A20) -> 0 | H20: =SUM(E20:G20) -> 0 | I20: =SUMIF('DA INSERIRE'!N:N,A20,'DA INSERIRE'!I:I) -> 0 | J20: =SUMIF('IN ATTIVAZIONE'!N:N,A20,'IN ATTIVAZIONE'!I:I) -> 0 | K20: =SUM(I20:J20) -> 0 | L20: =SUMIF(OPPORTUNITA!D:D,A20,OPPORTUNITA!L:L) -> 0 | M20: =COUNTIFS(APPUNTAMENTI!A:A, 4, APPUNTAMENTI!E:E, FCST!A20) -> 0 | N20: =COUNTIFS(APPUNTAMENTI!$A:$A, 5, APPUNTAMENTI!$E:$E, FCST!$A20) -> 0 | O20: =COUNTIFS(APPUNTAMENTI!$A:$A, 6, APPUNTAMENTI!$E:$E, FCST!$A20) -> 0 | P20: =SUM(M20:O20) -> 0
E21: =SUMIFS(ATTIVE!I:I, ATTIVE!A:A, 4, ATTIVE!N:N, FCST!A21) -> 0 | F21: =SUMIFS(ATTIVE!$I:$I, ATTIVE!$A:$A, 5, ATTIVE!$N:$N, FCST!$A21) -> 0 | G21: =SUMIFS(ATTIVE!$I:$I, ATTIVE!$A:$A, 6, ATTIVE!$N:$N, FCST!$A21) -> 0 | H21: =SUM(E21:G21) -> 0 | I21: =SUMIF('DA INSERIRE'!N:N,A21,'DA INSERIRE'!I:I) -> 0 | J21: =SUMIF('IN ATTIVAZIONE'!N:N,A21,'IN ATTIVAZIONE'!I:I) -> 0 | K21: =SUM(I21:J21) -> 0 | L21: =SUMIF(OPPORTUNITA!D:D,A21,OPPORTUNITA!L:L) -> 0 | M21: =COUNTIFS(APPUNTAMENTI!A:A, 4, APPUNTAMENTI!E:E, FCST!A21) -> 0 | N21: =COUNTIFS(APPUNTAMENTI!$A:$A, 5, APPUNTAMENTI!$E:$E, FCST!$A21) -> 0 | O21: =COUNTIFS(APPUNTAMENTI!$A:$A, 6, APPUNTAMENTI!$E:$E, FCST!$A21) -> 0 | P21: =SUM(M21:O21) -> 0
... E24: =SUMIFS(ATTIVE!I:I, ATTIVE!A:A, 4, ATTIVE!N:N, FCST!A24) -> 0 | F24: =SUMIFS(ATTIVE!$I:$I, ATTIVE!$A:$A, 5, ATTIVE!$N:$N, FCST!$A24) -> 0 | G24: =SUMIFS(ATTIVE!$I:$I, ATTIVE!$A:$A, 6, ATTIVE!$N:$N, FCST!$A24) -> 0 | H24: =SUM(E24:G24) -> 0 | I24: =SUMIF('DA INSERIRE'!N:N,A24,'DA INSERIRE'!I:I) -> 0 | J24: =SUMIF('IN ATTIVAZIONE'!N:N,A24,'IN ATTIVAZIONE'!I:I) -> 0 | K24: =SUM(I24:J24) -> 0 | L24: =SUMIF(OPPORTUNITA!D:D,A24,OPPORTUNITA!L:L) -> 0 | M24: =COUNTIFS(APPUNTAMENTI!A:A, 4, APPUNTAMENTI!E:E, FCST!A24) -> 0 | N24: =COUNTIFS(APPUNTAMENTI!$A:$A, 5, APPUNTAMENTI!$E:$E, FCST!$A24) -> 0 | O24: =COUNTIFS(APPUNTAMENTI!$A:$A, 6, APPUNTAMENTI!$E:$E, FCST!$A24) -> 0 | P24: =SUM(M24:O24) -> 0

Sheet DA INSERIRE
A1: MESE | B1: Cliente (Ordine) | C1: Partita IVA (Ordine) | D1: ID Pratica | E1: Prodotto esistente | F1: Tipologia Servizio (Prodotto esistente) | G1: Quantità | H1: Prezzo unitario | I1: Importo totale | J1: Data creazione | K1: Data Inserimento OmniSales | L1: Data Passaggio ACA | M1: Data Attivazione | N1: Proprietario (Ordine) | O1: ID ordine (Ordine) | P1: Motivo stato (Ordine) | Q1: Valuta | R1: Codice Aggregato | S1: Famiglia | T1: Squadra Energia | U1: scala sconti
A2: =IF(M2 <> "", MONTH(M2), "")
A3: =IF(M3 <> "", MONTH(M3), "")
A4: =IF(M4 <> "", MONTH(M4), "")
A5: =IF(M5 <> "", MONTH(M5), "")
A6: =IF(M6 <> "", MONTH(M6), "")
A7: =IF(M7 <> "", MONTH(M7), "")
A8: =IF(M8 <> "", MONTH(M8), "")
A9: =IF(M9 <> "", MONTH(M9), "")
A10: =IF(M10 <> "", MONTH(M10), "")
A11: =IF(M11 <> "", MONTH(M11), "")
A12: =IF(M12 <> "", MONTH(M12), "")
A13: =IF(M13 <> "", MONTH(M13), "")
... A489: =IF(M489 <> "", MONTH(M489), "")

Sheet IN ATTIVAZIONE
A1: MESE | B1: Cliente (Ordine) | C1: Partita IVA (Ordine) | D1: ID Pratica | E1: Prodotto esistente | F1: Tipologia Servizio (Prodotto esistente) | G1: Quantità | H1: Prezzo unitario | I1: Importo totale | J1: Data creazione | K1: Data Inserimento OmniSales | L1: Data Passaggio ACA | M1: Data Attivazione | N1: Proprietario (Ordine) | O1: ID ordine (Ordine) | P1: Motivo stato (Ordine) | Q1: Valuta | R1: Codice Aggregato | S1: Famiglia | T1: Squadra Energia | U1: scala sconti
A2: =IF(M2 <> "", MONTH(M2), "")
A3: =IF(M3 <> "", MONTH(M3), "")
A4: =IF(M4 <> "", MONTH(M4), "")
A5: =IF(M5 <> "", MONTH(M5), "")
A6: =IF(M6 <> "", MONTH(M6), "")
A7: =IF(M7 <> "", MONTH(M7), "")
A8: =IF(M8 <> "", MONTH(M8), "")
A9: =IF(M9 <> "", MONTH(M9), "")
A10: =IF(M10 <> "", MONTH(M10), "")
A11: =IF(M11 <> "", MONTH(M11), "")
A12: =IF(M12 <> "", MONTH(M12), "")
A13: =IF(M13 <> "", MONTH(M13), "")
... A489: =IF(M489 <> "", MONTH(M489), "")

Sheet OPPORTUNITA
A1: MESE CREAZIONE | B1: Potenziale cliente (Opportunità) | C1: Partita IVA (Opportunità) | D1: Proprietario (Opportunità) | E1: Stato (Opportunità) | F1: Data creazione | G1: Data chiusura prev. (Opportunità) | H1: Data modifica | I1: Prodotto esistente | J1: Tipologia Servizio (Prodotto esistente) | K1: Quantità | L1: Importo totale | M1: Probabilità (Opportunità) | N1: TIPO RELAZIONE | O1: Match con Gara | P1: Ultima settimana
A2: =IF(F2 <> "", MONTH(F2), "")
A3: =IF(F3 <> "", MONTH(F3), "")
A4: =IF(F4 <> "", MONTH(F4), "")
A5: =IF(F5 <> "", MONTH(F5), "")
A6: =IF(F6 <> "", MONTH(F6), "")
A7: =IF(F7 <> "", MONTH(F7), "")
A8: =IF(F8 <> "", MONTH(F8), "")
A9: =IF(F9 <> "", MONTH(F9), "")
A10: =IF(F10 <> "", MONTH(F10), "")
A11: =IF(F11 <> "", MONTH(F11), "")
A12: =IF(F12 <> "", MONTH(F12), "")
A13: =IF(F13 <> "", MONTH(F13), "")
... A480: =IF(F480 <> "", MONTH(F480), "")

Sheet ATTIVE
A1: MESE | B1: Cliente (Ordine) | C1: Partita IVA (Ordine) | D1: ID Pratica | E1: Prodotto esistente | F1: Tipologia Servizio (Prodotto esistente) | G1: Quantità | H1: Prezzo unitario | I1: Importo totale | J1: Data creazione | K1: Data Inserimento OmniSales | L1: Data Passaggio ACA | M1: Data Attivazione | N1: Proprietario (Ordine) | O1: ID ordine (Ordine) | P1: Motivo stato (Ordine) | Q1: Valuta | R1: Codice Aggregato | S1: Famiglia | T1: Squadra Energia | U1: scala sconti
A2: =IF(M2 <> "", MONTH(M2), "")
A3: =IF(M3 <> "", MONTH(M3), "")
A4: =IF(M4 <> "", MONTH(M4), "")
A5: =IF(M5 <> "", MONTH(M5), "")
A6: =IF(M6 <> "", MONTH(M6), "")
A7: =IF(M7 <> "", MONTH(M7), "")
A8: =IF(M8 <> "", MONTH(M8), "")
A9: =IF(M9 <> "", MONTH(M9), "")
A10: =IF(M10 <> "", MONTH(M10), "")
A11: =IF(M11 <> "", MONTH(M11), "")
A12: =IF(M12 <> "", MONTH(M12), "")
A13: =IF(M13 <> "", MONTH(M13), "")
... A489: =IF(M489 <> "", MONTH(M489), "")

Sheet APPUNTAMENTI
A1: MESE | B1: Regione sociale | C1: Data appuntamento | D1: Tipo appuntamento | E1: Azienda Assegnata a | F1: Esito Appuntamento | G1: Note Appuntamento
A2: =+IF(C2 <> "", MONTH(C2), "")
A3: =+IF(C3 <> "", MONTH(C3), "")
A4: =+IF(C4 <> "", MONTH(C4), "")
A5: =+IF(C5 <> "", MONTH(C5), "")
A6: =+IF(C6 <> "", MONTH(C6), "")
A7: =+IF(C7 <> "", MONTH(C7), "")
A8: =+IF(C8 <> "", MONTH(C8), "")
A9: =+IF(C9 <> "", MONTH(C9), "")
A10: =+IF(C10 <> "", MONTH(C10), "")
A11: =+IF(C11 <> "", MONTH(C11), "")
A12: =+IF(C12 <> "", MONTH(C12), "")
A13: =+IF(C13 <> "", MONTH(C13), "")
... A986: =+IF(C986 <> "", MONTH(C986), "")
