Workbook

Sheet FCST
B5: GARA | D5: ACTUAL | H5: =UPPER(TEXT(TODAY(),"mmmm"))& CHAR(10) & "(NON ATTIVO)" -> APRILE (NON ATTIVO) | K5: OPPORTUNITÀ APERTE | L5: APPUNTAMENTI A SISTEMA
B7: =UPPER(TEXT(TODAY(),"mmmm")) -> APRILE | D7: APR Attivo | E7: MAG Attivo | F7: GIU Attivo | G7: TRIM ATTIVO | H7: o/w da inserire | I7: o/w in attivazione | J7: TOT | K7: TOT OPPS CRM | L7: APR | M7: MAG | N7: GIU | O7: TRIMESTRE
D9: =SUMIF(ATTIVE!A:A, 4,ATTIVE!I:I) -> 0 | E9: =SUMIF(ATTIVE!$A:$A, 4,ATTIVE!$I:$I) -> 0 | F9: =SUMIF(ATTIVE!$A:$A, 5,ATTIVE!$I:$I) -> 0 | G9: =SUM(D9:F9) -> 0 | H9: =SUM('DA INSERIRE'!I:I) -> 0 | I9: =SUM('IN ATTIVAZIONE'!I:I) -> 0 | J9: =SUM(H9:I9) -> 0 | K9: =SUM(OPPORTUNITA!K:K) -> 0 | L9: =+COUNTIF(APPUNTAMENTI!$A:$A, 4) -> 0 | M9: =+COUNTIF(APPUNTAMENTI!$A:$A, 5) -> 0 | N9: =+COUNTIF(APPUNTAMENTI!$A:$A, 6) -> 0 | O9: =SUM(L9:N9) -> 0

Sheet DA INSERIRE
A1: MESE | B1: Cliente (Ordine) | C1: Partita IVA (Ordine) | D1: ID Pratica | E1: Prodotto esistente | F1: Tipologia Servizio (Prodotto esistente) | G1: Quantità | H1: Prezzo unitario | I1: Importo totale | J1: Data creazione | K1: Data Inserimento OmniSales | L1: Data Passaggio ACA | M1: Data Attivazione | N1: Proprietario (Ordine) | O1: ID ordine (Ordine) | P1: Motivo stato (Ordine) | Q1: Valuta | R1: Codice Aggregato | S1: Famiglia | T1: Squadra Energia | U1: scala sconti
A2: =IF(M2 <> "", MONTH(M2), "")
A3: =IF(M3 <> "", MONTH(M3), "")
A4: =IF(M4 <> "", MONTH(M4), "")
A5: =IF(M5 <> "", MONTH(M5), "")
A6: =IF(M6 <> "", MONTH(M6), "")
A7: =IF(M7 <> "", MONTH(M7), "")
A8: =IF(M8 <> "", MONTH(M8), "")
A9: =IF(M9 <> "", MONTH(M9), "")
A10: =IF(M10 <> "", MONTH(M10), "")
A11: =IF(M11 <> "", MONTH(M11), "")
A12: =IF(M12 <> "", MONTH(M12), "")
A13: =IF(M13 <> "", MONTH(M13), "")
... A40: =IF(M40 <> "", MONTH(M40), "")
A41: =IF(M40 <> "", MONTH(M40), "")
A42: =IF(M41 <> "", MONTH(M41), "")
A43: =IF(M42 <> "", MONTH(M42), "")
A44: =IF(M43 <> "", MONTH(M43), "")
A45: =IF(M44 <> "", MONTH(M44), "")
A46: =IF(M45 <> "", MONTH(M45), "")

Sheet IN ATTIVAZIONE
A1: MESE | B1: Cliente (Ordine) | C1: Partita IVA (Ordine) | D1: ID Pratica | E1: Prodotto esistente | F1: Tipologia Servizio (Prodotto esistente) | G1: Quantità | H1: Prezzo unitario | I1: Importo totale | J1: Data creazione | K1: Data Inserimento OmniSales | L1: Data Passaggio ACA | M1: Data Attivazione | N1: Proprietario (Ordine) | O1: ID ordine (Ordine) | P1: Motivo stato (Ordine) | Q1: Valuta | R1: Codice Aggregato | S1: Famiglia | T1: Squadra Energia | U1: scala sconti
A2: =IF(M2 <> "", MONTH(M2), "")
A3: =IF(M3 <> "", MONTH(M3), "")
A4: =IF(M4 <> "", MONTH(M4), "")
A5: =IF(M5 <> "", MONTH(M5), "")
A6: =IF(M6 <> "", MONTH(M6), "")
A7: =IF(M7 <> "", MONTH(M7), "")
A8: =IF(M8 <> "", MONTH(M8), "")
A9: =IF(M9 <> "", MONTH(M9), "")
A10: =IF(M10 <> "", MONTH(M10), "")
A11: =IF(M11 <> "", MONTH(M11), "")
A12: =IF(M12 <> "", MONTH(M12), "")
A13: =IF(M13 <> "", MONTH(M13), "")
... A40: =IF(M40 <> "", MONTH(M40), "")
A41: =IF(M40 <> "", MONTH(M40), "")
A42: =IF(M41 <> "", MONTH(M41), "")
A43: =IF(M42 <> "", MONTH(M42), "")
A44: =IF(M43 <> "", MONTH(M43), "")
A45: =IF(M44 <> "", MONTH(M44), "")
A46: =IF(M45 <> "", MONTH(M45), "")

Sheet ATTIVE
A1: MESE | B1: Cliente (Ordine) | C1: Partita IVA (Ordine) | D1: ID Pratica | E1: Prodotto esistente | F1: Tipologia Servizio (Prodotto esistente) | G1: Quantità | H1: Prezzo unitario | I1: Importo totale | J1: Data creazione | K1: Data Inserimento OmniSales | L1: Data Passaggio ACA | M1: Data Attivazione | N1: Proprietario (Ordine) | O1: ID ordine (Ordine) | P1: Motivo stato (Ordine) | Q1: Valuta | R1: Codice Aggregato | S1: Famiglia | T1: Squadra Energia | U1: scala sconti
A2: =IF(M2 <> "", MONTH(M2), "")
A3: =IF(M3 <> "", MONTH(M3), "")
A4: =IF(M4 <> "", MONTH(M4), "")
A5: =IF(M5 <> "", MONTH(M5), "")
A6: =IF(M6 <> "", MONTH(M6), "")
A7: =IF(M7 <> "", MONTH(M7), "")
A8: =IF(M8 <> "", MONTH(M8), "")
A9: =IF(M9 <> "", MONTH(M9), "")
A10: =IF(M10 <> "", MONTH(M10), "")
A11: =IF(M11 <> "", MONTH(M11), "")
A12: =IF(M12 <> "", MONTH(M12), "")
A13: =IF(M13 <> "", MONTH(M13), "")
... A680: =IF(M680 <> "", MONTH(M680), "")

Sheet OPPORTUNITA
A1: Potenziale cliente (Opportunità) | B1: Partita IVA (Opportunità) | C1: Proprietario (Opportunità) | D1: Stato (Opportunità) | E1: Data creazione | F1: Data chiusura prev. (Opportunità) | G1: Data modifica | H1: Prodotto esistente | I1: Quantità | J1: Prezzo | K1: Importo totale | L1: Probabilità (Opportunità) | M1: TIPO RELAZIONE | N1: Match con Gara | O1: Ultima settimana

Sheet APPUNTAMENTI
A1: MESE | B1: Regione sociale | C1: Data appuntamento | D1: Tipo appuntamento | E1: Azienda Assegnata a | F1: Esito Appuntamento | G1: Note Appuntamento
A2: =+IF(C2 <> "", MONTH(C2), "")
A3: =+IF(C3 <> "", MONTH(C3), "")
A4: =+IF(C4 <> "", MONTH(C4), "")
A5: =+IF(C5 <> "", MONTH(C5), "")
A6: =+IF(C6 <> "", MONTH(C6), "")
A7: =+IF(C7 <> "", MONTH(C7), "")
A8: =+IF(C8 <> "", MONTH(C8), "")
A9: =+IF(C9 <> "", MONTH(C9), "")
A10: =+IF(C10 <> "", MONTH(C10), "")
A11: =+IF(C11 <> "", MONTH(C11), "")
A12: =+IF(C12 <> "", MONTH(C12), "")
A13: =+IF(C13 <> "", MONTH(C13), "")
... A296: =+IF(C296 <> "", MONTH(C296), "")
